row_index,filename,reason
0,00000.json,missing_output_file
1,00001.json,missing_output_file
2,00002.json,missing_output_file
3,00003.json,missing_output_file
4,00004.json,missing_output_file
5,00005.json,missing_output_file
6,00006.json,missing_output_file
7,00007.json,missing_output_file
8,00008.json,missing_output_file
9,00009.json,missing_output_file
10,00010.json,missing_output_file
11,00011.json,missing_output_file
12,00012.json,missing_output_file
13,00013.json,missing_output_file
14,00014.json,missing_output_file
15,00015.json,missing_output_file
16,00016.json,missing_output_file
17,00017.json,missing_output_file
18,00018.json,missing_output_file
19,00019.json,missing_output_file
20,00020.json,missing_output_file
21,00021.json,missing_output_file
22,00022.json,missing_output_file
23,00023.json,missing_output_file
24,00024.json,missing_output_file
25,00025.json,missing_output_file
26,00026.json,missing_output_file
27,00027.json,missing_output_file
28,00028.json,missing_output_file
29,00029.json,missing_output_file
30,00030.json,missing_output_file
31,00031.json,missing_output_file
32,00032.json,missing_output_file
33,00033.json,missing_output_file
34,00034.json,missing_output_file
35,00035.json,missing_output_file
36,00036.json,missing_output_file
37,00037.json,missing_output_file
38,00038.json,missing_output_file
39,00039.json,missing_output_file
40,00040.json,missing_output_file
41,00041.json,missing_output_file
42,00042.json,missing_output_file
43,00043.json,missing_output_file
44,00044.json,missing_output_file
45,00045.json,missing_output_file
46,00046.json,missing_output_file
47,00047.json,missing_output_file
48,00048.json,missing_output_file
49,00049.json,missing_output_file
50,00050.json,missing_output_file
51,00051.json,missing_output_file
52,00052.json,missing_output_file
53,00053.json,missing_output_file
54,00054.json,missing_output_file
55,00055.json,missing_output_file
56,00056.json,missing_output_file
57,00057.json,missing_output_file
58,00058.json,missing_output_file
59,00059.json,missing_output_file
60,00060.json,missing_output_file
61,00061.json,missing_output_file
62,00062.json,missing_output_file
63,00063.json,missing_output_file
64,00064.json,missing_output_file
65,00065.json,missing_output_file
66,00066.json,missing_output_file
67,00067.json,missing_output_file
68,00068.json,missing_output_file
69,00069.json,missing_output_file
70,00070.json,missing_output_file
71,00071.json,missing_output_file
72,00072.json,missing_output_file
73,00073.json,missing_output_file
74,00074.json,missing_output_file
75,00075.json,missing_output_file
76,00076.json,missing_output_file
77,00077.json,missing_output_file
78,00078.json,missing_output_file
79,00079.json,missing_output_file
80,00080.json,missing_output_file
81,00081.json,missing_output_file
82,00082.json,missing_output_file
83,00083.json,missing_output_file
84,00084.json,missing_output_file
85,00085.json,missing_output_file
86,00086.json,missing_output_file
87,00087.json,missing_output_file
88,00088.json,missing_output_file
89,00089.json,missing_output_file
90,00090.json,missing_output_file
91,00091.json,missing_output_file
92,00092.json,missing_output_file
93,00093.json,missing_output_file
94,00094.json,missing_output_file
95,00095.json,missing_output_file
96,00096.json,missing_output_file
97,00097.json,missing_output_file
98,00098.json,missing_output_file
99,00099.json,missing_output_file
100,00100.json,missing_output_file
101,00101.json,missing_output_file
102,00102.json,missing_output_file
103,00103.json,missing_output_file
104,00104.json,missing_output_file
105,00105.json,missing_output_file
106,00106.json,missing_output_file
107,00107.json,missing_output_file
108,00108.json,missing_output_file
109,00109.json,missing_output_file
110,00110.json,missing_output_file
111,00111.json,missing_output_file
112,00112.json,missing_output_file
113,00113.json,missing_output_file
114,00114.json,missing_output_file
115,00115.json,missing_output_file
116,00116.json,missing_output_file
117,00117.json,missing_output_file
118,00118.json,missing_output_file
119,00119.json,missing_output_file
120,00120.json,missing_output_file
121,00121.json,missing_output_file
122,00122.json,missing_output_file
123,00123.json,missing_output_file
124,00124.json,missing_output_file
125,00125.json,missing_output_file
126,00126.json,missing_output_file
127,00127.json,missing_output_file
128,00128.json,missing_output_file
129,00129.json,missing_output_file
130,00130.json,missing_output_file
131,00131.json,missing_output_file
132,00132.json,missing_output_file
133,00133.json,missing_output_file
134,00134.json,missing_output_file
135,00135.json,missing_output_file
136,00136.json,missing_output_file
137,00137.json,missing_output_file
138,00138.json,missing_output_file
139,00139.json,missing_output_file
140,00140.json,missing_output_file
141,00141.json,missing_output_file
142,00142.json,missing_output_file
143,00143.json,missing_output_file
144,00144.json,missing_output_file
145,00145.json,missing_output_file
146,00146.json,missing_output_file
147,00147.json,missing_output_file
148,00148.json,missing_output_file
149,00149.json,missing_output_file
150,00150.json,missing_output_file
151,00151.json,missing_output_file
152,00152.json,missing_output_file
153,00153.json,missing_output_file
154,00154.json,missing_output_file
155,00155.json,missing_output_file
156,00156.json,missing_output_file
157,00157.json,missing_output_file
158,00158.json,missing_output_file
159,00159.json,missing_output_file
160,00160.json,missing_output_file
161,00161.json,missing_output_file
162,00162.json,missing_output_file
163,00163.json,missing_output_file
164,00164.json,missing_output_file
165,00165.json,missing_output_file
166,00166.json,missing_output_file
167,00167.json,missing_output_file
168,00168.json,missing_output_file
169,00169.json,missing_output_file
170,00170.json,missing_output_file
171,00171.json,missing_output_file
172,00172.json,missing_output_file
173,00173.json,missing_output_file
174,00174.json,missing_output_file
175,00175.json,missing_output_file
176,00176.json,missing_output_file
177,00177.json,missing_output_file
178,00178.json,missing_output_file
179,00179.json,missing_output_file
180,00180.json,missing_output_file
181,00181.json,missing_output_file
182,00182.json,missing_output_file
183,00183.json,missing_output_file
184,00184.json,missing_output_file
185,00185.json,missing_output_file
186,00186.json,missing_output_file
187,00187.json,missing_output_file
188,00188.json,missing_output_file
189,00189.json,missing_output_file
190,00190.json,missing_output_file
191,00191.json,missing_output_file
192,00192.json,missing_output_file
193,00193.json,missing_output_file
194,00194.json,missing_output_file
195,00195.json,missing_output_file
196,00196.json,missing_output_file
197,00197.json,missing_output_file
198,00198.json,missing_output_file
199,00199.json,missing_output_file
200,00200.json,missing_output_file
201,00201.json,missing_output_file
202,00202.json,missing_output_file
203,00203.json,missing_output_file
204,00204.json,missing_output_file
205,00205.json,missing_output_file
206,00206.json,missing_output_file
207,00207.json,missing_output_file
208,00208.json,missing_output_file
209,00209.json,missing_output_file
210,00210.json,missing_output_file
211,00211.json,missing_output_file
212,00212.json,missing_output_file
213,00213.json,missing_output_file
214,00214.json,missing_output_file
215,00215.json,missing_output_file
216,00216.json,missing_output_file
217,00217.json,missing_output_file
218,00218.json,missing_output_file
219,00219.json,missing_output_file
220,00220.json,missing_output_file
221,00221.json,missing_output_file
222,00222.json,missing_output_file
223,00223.json,missing_output_file
224,00224.json,missing_output_file
225,00225.json,missing_output_file
226,00226.json,missing_output_file
227,00227.json,missing_output_file
228,00228.json,missing_output_file
229,00229.json,missing_output_file
230,00230.json,missing_output_file
231,00231.json,missing_output_file
232,00232.json,missing_output_file
233,00233.json,missing_output_file
234,00234.json,missing_output_file
235,00235.json,missing_output_file
236,00236.json,missing_output_file
237,00237.json,missing_output_file
238,00238.json,missing_output_file
239,00239.json,missing_output_file
240,00240.json,missing_output_file
241,00241.json,missing_output_file
242,00242.json,missing_output_file
243,00243.json,missing_output_file
244,00244.json,missing_output_file
245,00245.json,missing_output_file
246,00246.json,missing_output_file
247,00247.json,missing_output_file
248,00248.json,missing_output_file
249,00249.json,missing_output_file
250,00250.json,missing_output_file
251,00251.json,missing_output_file
252,00252.json,missing_output_file
253,00253.json,missing_output_file
254,00254.json,missing_output_file
255,00255.json,missing_output_file
256,00256.json,missing_output_file
257,00257.json,missing_output_file
258,00258.json,missing_output_file
259,00259.json,missing_output_file
260,00260.json,missing_output_file
261,00261.json,missing_output_file
262,00262.json,missing_output_file
263,00263.json,missing_output_file
264,00264.json,missing_output_file
265,00265.json,missing_output_file
266,00266.json,missing_output_file
267,00267.json,missing_output_file
268,00268.json,missing_output_file
269,00269.json,missing_output_file
270,00270.json,missing_output_file
271,00271.json,missing_output_file
272,00272.json,missing_output_file
273,00273.json,missing_output_file
274,00274.json,missing_output_file
275,00275.json,missing_output_file
276,00276.json,missing_output_file
277,00277.json,missing_output_file
278,00278.json,missing_output_file
279,00279.json,missing_output_file
280,00280.json,missing_output_file
281,00281.json,missing_output_file
282,00282.json,missing_output_file
283,00283.json,missing_output_file
284,00284.json,missing_output_file
285,00285.json,missing_output_file
286,00286.json,missing_output_file
287,00287.json,missing_output_file
288,00288.json,missing_output_file
289,00289.json,missing_output_file
290,00290.json,missing_output_file
291,00291.json,missing_output_file
292,00292.json,missing_output_file
293,00293.json,missing_output_file
294,00294.json,missing_output_file
295,00295.json,missing_output_file
296,00296.json,missing_output_file
297,00297.json,missing_output_file
298,00298.json,missing_output_file
299,00299.json,missing_output_file
